person_id,Temperature (C),Hydration,Salty Snack,base_blood_pressure_1,base_blood_pressure_2,end_blood_pressure_1,end_blood_pressure_2
uyah6ege6y,-20,NoDrink,No Snack,130/85,138/86,133/83,141/87
pblc6kgmtf,40,Drink,Snack,126/81,126/82,131/85,127/81
9ezaykx5zx,40,NoDrink,Snack,138/85,132/80,141/80,134/88
rkm9rfff4p,-20,NoDrink,Snack,117/74,123/73,122/72,121/76
t45ztfu6pd,40,NoDrink,Snack,124/81,126/82,123/81,125/83
4g9qd4byu3,-20,NoDrink,Snack,134/81,136/77,136/83,129/80
edmuyzue9j,40,Drink,No Snack,141/82,143/84,141/81,144/85
d9zdsmxrks,5,Drink,Snack,137/82,132/85,146/79,138/80
un7ngey94p,-20,NoDrink,No Snack,134/83,133/86,133/82,133/85
s99vrwcksj,-20,NoDrink,No Snack,133/83,121/89,129/83,132/87
876flmv64g,-20,NoDrink,Snack,136/86,135/84,137/82,136/88
pblc6kgmtf,-20,Drink,No Snack,126/81,126/82,131/85,127/81
vxh7hutzvh,5,Drink,No Snack,123/81,122/81,124/76,119/82
dzww2ap4dj,40,NoDrink,No Snack,143/85,139/84,141/87,137/82
r94cvwjp6j,5,NoDrink,No Snack,108/67,111/67,111/70,111/67
p3y8puevcv,5,NoDrink,Snack,127/79,128/79,126/79,122/84
g68yksalkp,40,Drink,Snack,132/85,134/87,135/83,131/86
8m2xq3nwub,-20,Drink,No Snack,130/86,133/89,134/84,134/85
jdcxdjkwgn,40,Drink,Snack,130/77,125/87,131/80,133/86
dzww2ap4dj,5,NoDrink,Snack,143/85,139/84,141/87,137/82
dj8xdrpvw7,40,NoDrink,No Snack,135/81,128/82,133/85,132/80
d9zdsmxrks,-20,NoDrink,No Snack,137/82,132/85,146/79,138/80
tn32dtw6zu,40,NoDrink,No Snack,137/81,136/90,137/79,139/82
hjpt5vxsn3,5,Drink,Snack,137/77,137/82,134/80,136/89
yvkvhccs7a,5,Drink,Snack,133/80,134/89,129/82,132/84
es58v2ml4m,5,NoDrink,Snack,125/76,119/69,120/68,117/71
24blsxn3ht,40,Drink,No Snack,137/79,138/86,135/83,141/84
pblc6kgmtf,40,NoDrink,No Snack,126/81,126/82,131/85,127/81
ssbl8epjd6,40,Drink,Snack,136/85,131/90,134/86,137/89
yvkvhccs7a,-20,Drink,Snack,133/80,134/89,129/82,132/84
es58v2ml4m,-20,Drink,Snack,125/76,119/69,120/68,117/71
hjpt5vxsn3,40,NoDrink,Snack,137/77,137/82,134/80,136/89
g6rylu587m,-20,Drink,No Snack,130/84,129/84,125/85,128/82
n9tlq335p3,5,Drink,Snack,144/84,140/89,142/81,145/87
un7ngey94p,-20,Drink,Snack,134/83,133/86,133/82,133/85
dzww2ap4dj,5,Drink,No Snack,143/85,139/84,141/87,137/82
edmuyzue9j,40,NoDrink,Snack,141/82,143/84,141/81,144/85
t45ztfu6pd,5,NoDrink,Snack,124/81,126/82,123/81,125/83
htwebscjqu,5,Drink,No Snack,130/86,135/83,135/82,130/87
s99vrwcksj,40,Drink,No Snack,133/83,121/89,129/83,132/87
g68yksalkp,40,Drink,No Snack,132/85,134/87,135/83,131/86
r7pe8fmul8,5,NoDrink,No Snack,131/89,132/85,130/86,128/80
24blsxn3ht,5,NoDrink,No Snack,137/79,138/86,135/83,141/84
24blsxn3ht,5,NoDrink,No Snack,137/79,138/86,135/83,141/84
sns5fcvh6u,-20,Drink,No Snack,131/77,120/76,122/83,123/80
htwebscjqu,5,Drink,No Snack,130/86,135/83,135/82,130/87
un7ngey94p,-20,NoDrink,Snack,134/83,133/86,133/82,133/85
edmuyzue9j,-20,Drink,Snack,141/82,143/84,141/81,144/85
